,Titulo1,Titulo2,Comuna,Capacidad,Camas,N_Habitaciones,Habitaciones,Ba√±os,Tipo_Ba√±os,Precio,lat,lon,Ubicacion,Ubides,Descripcion,Servicios,Nota,Nnota,Anfitrion,Registro,Link
0,Casa con piscina frente Bah√≠a la Herradura üëçüèº vista,Casa de hu√©spedes entero,Coquimbo,10,8,4, Habitaci√≥n,3,privado,150.0,-29.97578,-71.36833,"https://maps.google.com/maps?ll=-29.97578,-71.36833&z=14&t=m&hl=es&gl=CL&mapclient=apiv3","Barrio residencial muy seguro. Cerca de playa del club de Yates y Playa bah√≠a la Herradura, cercano a varios minimarket y supermercado Santa Isabel, club de yates, y mirador la herradura.","Maravillosa casa con piscina (desde octubre) frente al mar, primer piso totalmente independiente, y con vista a la Herradura de Coquimbo. A distancia caminable de la playa (6 cuadras) y en barrio residencial muy seguro y tranquilo. 
Tres terrazas, dos techadas
Estacionamiento para dos veh√≠culos, amplio jard√≠n, y lavadero.
Piscina en patio superior con gran terraza descubierta y una vista incomparable a la bah√≠a.


Alojamiento completamente equipado para 10 personas.",['Vista a la bah√≠a'],4.60,35,Viviana Sarella,08-2017,https://www.airbnb.cl/rooms/31208702?adults=1&children=0&infants=0&pets=0&check_in=2023-02-26&check_out=2023-03-04&previous_page_section_name=1000
1,CABA√ëAS FRANCISCA,Habitaci√≥n privada en casa de hu√©spedes,Salamanca,10,5,5, Habitaci√≥n,5,privado,20.0,-31.83588,-70.85735,"https://maps.google.com/maps?ll=-31.83588,-70.85735&z=14&t=m&hl=es&gl=CL&mapclient=apiv3","Son parcelas, lo que permite un distanciamiento y bajo ruido. Muy cercano a las monta√±as.","Caba√±as Francisca cuenta con:
Habitaciones single de 12 o 15 m2
Ba√±os privados
Entradas independientes
Camas de 2 plazas
TV satelital
Internet satelital
Refrigerador de 90 Litros
C√°maras de vigilancias IP las 24 hrs.",['Vista a las monta√±as'],,,Katty Cort√©s,04-2018,https://www.airbnb.cl/rooms/51349822?adults=1&children=0&infants=0&pets=0&check_in=2023-02-13&check_out=2023-02-18&previous_page_section_name=1000
